{"cameraMode":{"drawMode":0,"name":"Shaded","section":"Shading Mode"},"sceneLighting":true,"audioPlay":false,"sceneViewState":{"m_AlwaysRefresh":false,"showFog":true,"showSkybox":true,"showFlares":true,"showImageEffects":true,"showParticleSystems":true,"showVisualEffectGraphs":true,"m_FxEnabled":true},"in2DMode":false,"pivot":{"x":725.252197265625,"y":544.8848876953125,"z":1096.0845947265625},"rotation":{"x":0.05577770993113518,"y":0.007483016699552536,"z":-0.00042158347787335515,"w":0.9984041452407837},"size":1462.79638671875,"orthographic":false}