{"cameraMode":{"drawMode":0,"name":"Shaded","section":"Shading Mode"},"sceneLighting":true,"audioPlay":false,"sceneViewState":{"m_AlwaysRefresh":false,"showFog":true,"showSkybox":true,"showFlares":true,"showImageEffects":true,"showParticleSystems":true,"showVisualEffectGraphs":true,"m_FxEnabled":true},"in2DMode":false,"pivot":{"x":931.706298828125,"y":668.9053955078125,"z":-31.42951011657715},"rotation":{"x":0.0011239830637350679,"y":0.9983764290809631,"z":-0.05277279391884804,"w":0.021269746124744417},"size":813.828857421875,"orthographic":false}